backend,iteration,phase,layout_ms,export_ms,total_ms,cpu_ms,pages,pdf_bytes,current_rss_bytes,peak_rss_bytes
serpentype,0,cold,41.733666,5.640667,47.374333,47.36,18,120129,39305216,39305216
serpentype,1,warm,26.967083,4.431375,31.398458,31.399,18,120129,40189952,40189952
serpentype,2,warm,24.3855,4.514375,28.899875,28.898,18,120129,47595520,47595520
serpentype,3,warm,24.938458,4.514208,29.452666,29.447,18,120129,48168960,48168960
serpentype,4,warm,25.259167,4.557917,29.817084,29.814,18,120129,48431104,48431104
serpentype,5,warm,24.732167,4.697833,29.43,29.408,18,120129,48660480,48644096
weasyprint,0,cold,501.899791,105.682834,607.582625,602.367,16,65930,105644032,105644032
weasyprint,1,warm,476.503875,89.85875,566.362625,566.066,16,65930,107855872,108036096
weasyprint,2,warm,473.9575,90.362625,564.320125,563.932,16,65930,110264320,110264320
weasyprint,3,warm,470.980458,91.324667,562.305125,561.982,16,65930,110985216,110985216
weasyprint,4,warm,472.31775,90.353709,562.671459,562.391,16,65930,111214592,111214592
weasyprint,5,warm,478.351208,92.031709,570.382917,570.002,16,65930,111394816,111394816
